shape_1,shape_2
0,41
0,143
0,198
0,316
0,430
0,473
0,486
0,490
0,496
0,605
0,637
0,729
0,818
0,892
1,61
1,118
1,160
1,186
1,220
1,247
1,256
1,357
1,377
1,444
1,681
1,689
1,809
1,903
1,909
1,936
2,72
2,91
2,233
2,235
2,252
2,258
2,271
2,294
2,313
2,346
2,366
2,381
2,403
2,404
2,407
2,431
2,441
2,447
2,543
2,591
2,604
2,619
2,661
2,698
2,747
2,752
2,783
2,812
2,884
2,968
3,41
3,52
3,79
3,316
3,379
3,430
3,437
3,446
3,520
3,541
3,551
3,584
3,820
3,822
3,892
3,906
3,942
4,69
4,74
4,452
4,476
4,527
4,546
4,711
4,743
4,750
4,793
4,825
4,874
4,920
4,976
4,993
5,600
5,728
5,785
5,871
5,938
5,984
5,991
6,712
6,833
6,852
6,901
6,934
6,964
6,973
6,975
7,754
7,868
7,925
7,961
8,816
8,971
8,985
9,912
9,988
10,113
10,184
10,221
10,333
10,384
10,512
10,577
10,668
10,700
10,761
10,855
11,60
11,218
11,312
11,340
11,367
11,398
11,428
11,483
11,522
11,524
11,571
11,635
11,636
11,650
11,656
11,658
11,702
11,704
11,753
11,759
11,770
11,792
11,870
11,927
11,955
11,979
12,15
12,28
12,149
12,167
12,207
12,372
12,400
12,465
12,516
12,518
12,593
12,613
12,682
12,843
13,26
13,55
13,61
13,132
13,144
13,160
13,215
13,239
13,268
13,357
13,364
13,377
13,380
13,426
13,429
13,554
13,630
13,640
13,694
13,722
13,775
13,789
13,809
13,827
13,860
13,883
13,914
13,931
13,936
13,957
13,977
14,78
14,249
14,270
14,342
14,503
14,582
14,594
14,795
14,995
15,28
15,50
15,167
15,201
15,289
15,372
15,400
15,443
15,453
15,465
15,516
15,518
15,519
15,613
15,674
15,843
16,64
16,176
16,206
16,313
16,440
16,500
16,633
16,732
16,893
17,62
17,212
17,354
17,495
17,544
17,643
17,663
17,735
17,741
17,749
17,925
17,982
17,997
18,220
18,247
18,402
18,678
18,854
18,909
18,937
19,297
19,328
19,368
19,411
19,424
19,470
19,478
19,487
19,628
19,696
19,921
20,9
20,218
20,237
20,286
20,296
20,308
20,312
20,367
20,397
20,398
20,428
20,479
20,574
20,635
20,639
20,650
20,666
20,702
20,704
20,745
20,753
20,759
20,830
20,912
20,955
20,988
21,24
21,92
21,320
21,413
21,610
21,623
21,626
21,651
21,654
21,750
21,765
21,793
21,813
21,817
21,874
21,895
21,924
22,238
22,292
22,293
22,356
22,393
22,414
22,494
22,501
22,561
22,834
22,871
22,911
22,941
22,991
23,32
23,255
23,334
23,352
23,599
23,709
23,799
23,828
23,873
23,966
23,996
24,92
24,291
24,306
24,320
24,413
24,610
24,626
24,651
24,750
24,765
24,793
24,817
24,888
25,27
25,32
25,59
25,402
25,474
25,526
25,599
25,646
25,678
25,799
25,810
25,828
25,923
25,962
25,996
26,269
26,364
26,426
26,444
26,458
26,547
26,722
26,730
26,758
26,775
26,789
26,827
26,931
26,987
27,8
27,51
27,67
27,295
27,318
27,334
27,337
27,402
27,474
27,599
27,602
27,678
27,699
27,773
27,787
27,799
27,816
27,854
27,873
27,909
27,923
27,937
27,962
27,966
27,971
27,985
27,996
28,68
28,307
28,343
28,372
28,400
28,405
28,465
28,516
28,518
28,613
28,842
28,843
28,847
28,885
28,949
29,99
29,435
29,517
29,652
29,662
30,72
30,339
30,403
30,407
30,447
30,476
30,532
30,644
30,661
30,733
30,791
30,824
30,825
30,863
30,889
30,920
31,67
31,349
31,358
31,365
31,521
31,530
31,588
31,603
31,686
31,787
31,816
31,862
31,971
32,334
32,352
32,599
32,773
32,799
32,828
32,873
32,962
32,966
32,996
33,417
33,449
33,514
33,545
33,556
33,652
33,877
34,390
34,450
34,508
34,623
34,654
34,688
34,813
34,895
34,898
34,913
34,924
35,4
35,351
35,366
35,378
35,387
35,452
35,476
35,527
35,532
35,543
35,546
35,604
35,711
35,733
35,750
35,793
35,797
35,884
35,907
35,944
35,968
35,976
36,84
36,384
36,463
36,492
36,615
36,710
36,776
37,389
37,404
37,407
37,476
37,532
37,543
37,604
37,661
37,733
37,791
37,824
37,825
37,884
37,907
37,920
37,968
38,62
38,88
38,442
38,506
38,587
38,643
38,741
38,760
38,844
38,940
38,983
38,997
39,53
39,83
39,434
39,436
39,460
39,489
39,539
39,566
39,618
39,623
39,626
39,739
39,790
39,972
39,978
40,6
40,73
40,449
40,538
40,540
40,545
40,563
40,580
40,712
40,769
40,831
40,850
40,852
40,865
40,879
40,890
40,934
40,954
40,969
40,973
40,992
41,79
41,430
41,446
41,473
41,496
41,605
41,637
41,657
41,892
41,906
42,57
42,77
42,432
42,523
42,568
42,609
42,612
42,627
42,647
42,673
42,718
42,779
42,796
42,876
42,933
42,967
43,480
43,605
43,659
43,728
43,848
43,854
43,882
43,909
44,65
44,84
44,96
44,463
44,513
44,534
44,581
44,611
44,614
44,616
44,634
44,710
44,738
44,776
44,853
44,900
45,50
45,54
45,465
45,516
45,641
45,682
45,837
46,59
46,474
46,526
46,547
46,646
46,681
46,722
46,758
46,799
46,810
46,878
46,923
46,987
47,49
47,498
47,570
47,617
47,676
47,677
47,713
47,840
47,896
47,897
47,981
47,994
48,63
48,487
48,533
48,628
48,665
48,696
48,774
48,880
49,575
49,598
49,617
49,621
49,766
49,768
49,838
49,897
49,939
49,952
50,54
50,516
50,641
50,679
50,682
50,837
51,8
51,67
51,97
51,531
51,588
51,678
51,787
51,816
51,854
51,909
51,937
51,971
52,79
52,520
52,541
52,551
52,573
52,584
52,649
52,815
52,823
52,892
52,906
52,942
53,83
53,539
53,566
53,618
53,739
53,972
53,978
54,94
54,562
54,572
54,625
54,641
54,682
54,692
54,837
54,861
54,899
55,61
55,66
55,637
55,694
55,716
55,835
55,849
55,851
55,860
55,881
55,883
55,951
55,957
56,7
56,663
56,754
56,868
56,925
56,961
57,63
57,81
57,612
57,647
57,665
57,718
57,764
57,779
57,796
57,807
57,876
57,967
58,78
58,582
58,603
58,668
58,736
58,784
58,858
58,928
58,943
58,999
59,646
59,681
59,799
59,810
59,923
59,962
60,635
60,636
60,650
60,656
60,658
60,704
60,705
60,725
60,753
60,759
60,763
60,770
60,811
60,815
60,870
60,904
60,927
60,955
60,979
61,66
61,630
61,809
61,835
61,851
61,860
61,881
61,883
61,936
61,957
62,643
62,735
62,741
62,749
62,983
62,997
63,81
63,665
63,696
63,774
63,807
63,880
64,77
64,647
64,673
64,718
64,723
64,732
64,747
64,783
64,796
64,876
64,915
64,956
64,998
65,84
65,710
65,776
65,853
66,729
66,818
66,835
66,851
66,860
66,881
66,957
67,8
67,97
67,699
67,709
67,767
67,773
67,787
67,816
67,971
68,731
68,771
68,781
68,808
68,812
68,842
68,885
68,949
69,74
69,711
69,733
69,791
69,824
69,825
69,907
69,920
69,976
69,993
70,89
70,757
70,785
70,861
70,899
70,984
70,986
71,742
71,763
71,806
71,822
71,859
71,869
71,896
71,912
72,91
72,733
72,752
72,791
72,824
72,826
72,920
73,93
73,746
73,762
73,769
73,821
73,833
73,852
73,865
73,879
73,890
73,964
73,969
73,992
74,743
74,825
74,866
74,920
74,993
75,780
75,788
75,802
75,910
75,958
76,784
76,928
77,783
77,796
77,876
77,956
77,967
78,795
78,995
79,886
79,892
79,906
79,942
81,967
82,864
82,908
82,922
82,958
82,995
83,972
83,978
84,853
84,900
85,885
85,933
85,949
86,999
87,940
87,946
87,948
87,989
88,940
88,989
89,899
89,911
89,986
90,914
90,982
93,964
93,973
93,975
95,960
95,969
97,971
97,991
98,998
100,80
100,131
100,141
100,439
100,631
100,701
100,706
101,9
101,20
101,102
101,129
101,218
101,227
101,237
101,312
101,324
101,367
101,398
101,558
101,565
101,570
101,574
101,635
101,650
101,702
101,704
101,830
101,965
101,988
101,994
102,9
102,20
102,129
102,227
102,237
102,324
102,367
102,397
102,558
102,565
102,570
102,574
102,639
102,650
102,666
102,677
102,830
102,896
102,965
102,988
102,994
103,180
103,181
103,418
103,691
103,717
103,743
103,772
103,791
103,839
103,856
104,105
104,111
104,158
104,192
104,302
104,369
104,427
104,480
104,757
104,935
104,984
104,986
105,5
105,43
105,111
105,192
105,195
105,362
105,369
105,480
105,531
105,600
105,728
105,848
105,882
105,938
106,51
106,97
106,148
106,174
106,295
106,318
106,337
106,362
106,531
106,600
106,787
106,909
106,926
107,31
107,67
107,96
107,119
107,125
107,126
107,148
107,152
107,267
107,309
107,349
107,365
107,521
107,530
107,588
107,614
107,616
107,686
107,703
107,738
107,816
107,902
108,8
108,23
108,25
108,27
108,32
108,67
108,122
108,170
108,191
108,255
108,295
108,309
108,334
108,352
108,365
108,402
108,455
108,521
108,588
108,599
108,602
108,655
108,678
108,699
108,709
108,773
108,799
108,816
108,873
108,937
108,962
108,966
108,971
108,985
108,996
109,60
109,114
109,146
109,164
109,225
109,253
109,340
109,524
109,528
109,573
109,596
109,636
109,705
109,725
109,798
109,805
109,815
109,870
109,904
109,927
109,948
110,155
110,212
110,222
110,567
110,670
110,734
110,749
110,782
110,914
111,5
111,43
111,158
111,192
111,302
111,362
111,427
111,480
111,600
111,728
111,785
111,848
111,938
111,984
111,986
112,3
112,52
112,79
112,199
112,248
112,272
112,379
112,437
112,446
112,460
112,520
112,551
112,584
112,820
112,886
112,892
112,906
113,36
113,44
113,65
113,84
113,168
113,177
113,182
113,183
113,184
113,188
113,266
113,310
113,332
113,333
113,384
113,420
113,463
113,492
113,535
113,577
113,581
113,615
113,710
113,761
113,776
113,853
113,855
114,146
114,194
114,225
114,282
114,311
114,340
114,341
114,350
114,370
114,388
114,475
114,477
114,524
114,528
114,551
114,573
114,596
114,636
114,697
114,716
114,725
114,798
114,805
114,815
114,823
114,841
114,904
114,945
114,947
114,951
115,49
115,241
115,278
115,283
115,335
115,383
115,540
115,555
115,598
115,621
115,766
115,838
115,872
115,887
115,939
115,952
116,12
116,161
116,203
116,244
116,274
116,291
116,320
116,326
116,351
116,371
116,400
116,405
116,415
116,467
116,593
116,610
116,680
116,797
116,847
116,944
117,29
117,99
117,202
117,234
117,376
117,386
117,395
117,517
117,583
117,638
117,652
117,662
117,683
117,713
118,13
118,61
118,66
118,144
118,160
118,186
118,220
118,247
118,256
118,357
118,364
118,377
118,429
118,444
118,458
118,630
118,689
118,730
118,758
118,809
118,860
118,903
118,936
119,76
119,96
119,125
119,152
119,188
119,323
119,332
119,349
119,535
119,581
119,614
119,616
119,738
119,902
120,30
120,128
120,140
120,185
120,193
120,197
120,447
120,451
120,791
120,856
120,863
120,889
121,45
121,50
121,54
121,94
121,179
121,207
121,236
121,261
121,336
121,359
121,400
121,410
121,434
121,504
121,562
121,572
121,625
121,641
121,682
121,692
121,837
121,899
122,18
122,27
122,51
122,247
122,295
122,337
122,402
122,678
122,787
122,854
122,909
122,937
122,971
122,985
123,15
123,68
123,85
123,149
123,151
123,167
123,201
123,307
123,400
123,443
123,519
123,590
123,674
123,731
123,771
123,842
123,885
123,933
123,949
124,5
124,22
124,70
124,158
124,195
124,224
124,238
124,393
124,461
124,757
124,861
124,871
124,911
124,938
124,941
124,984
124,986
124,991
125,44
125,96
125,126
125,152
125,177
125,188
125,310
125,323
125,332
125,349
125,535
125,581
125,614
125,616
125,686
125,703
125,738
125,853
125,902
126,44
126,96
126,130
126,267
126,513
126,521
126,525
126,530
126,534
126,564
126,578
126,581
126,614
126,616
126,648
126,655
126,738
127,22
127,138
127,216
127,231
127,240
127,242
127,259
127,293
127,321
127,356
127,414
127,461
127,494
127,501
127,561
127,586
127,603
127,624
127,751
127,777
127,943
127,953
127,970
128,2
128,30
128,37
128,72
128,91
128,135
128,193
128,197
128,235
128,257
128,258
128,271
128,313
128,339
128,344
128,346
128,381
128,403
128,404
128,407
128,431
128,441
128,447
128,476
128,532
128,543
128,604
128,619
128,644
128,661
128,698
128,733
128,752
128,791
128,812
128,824
128,826
128,884
128,920
128,968
129,20
129,227
129,237
129,367
129,558
129,565
129,570
129,574
129,650
129,715
129,830
129,965
129,988
129,994
130,534
130,564
130,578
130,648
130,873
131,57
131,81
131,348
131,665
131,701
131,807
132,26
132,144
132,256
132,269
132,364
132,426
132,444
132,722
132,730
132,758
132,775
132,789
132,827
132,931
133,58
133,76
133,86
133,259
133,325
133,349
133,507
133,586
133,592
133,603
133,686
133,703
133,736
133,784
133,862
133,999
134,48
134,63
134,251
134,297
134,408
134,424
134,478
134,533
134,612
134,628
134,696
134,774
134,880
134,921
135,2
135,91
135,233
135,252
135,294
135,313
135,346
135,381
135,404
135,431
135,441
135,591
135,604
135,619
135,747
135,783
135,812
135,842
136,6
136,93
136,214
136,361
136,468
136,488
136,545
136,608
136,685
136,833
136,852
136,890
136,891
136,901
136,959
136,964
136,975
137,82
137,162
137,171
137,175
137,454
137,569
137,690
137,748
137,788
137,801
137,864
137,922
137,958
137,995
138,216
138,240
138,242
138,293
138,321
138,356
138,501
138,561
138,624
138,777
138,970
139,39
139,330
139,434
139,601
139,618
139,623
139,626
139,737
139,739
139,765
139,845
139,924
140,30
140,185
140,193
140,447
140,791
140,824
140,856
140,863
140,889
140,993
141,42
141,57
141,81
141,172
141,173
141,209
141,228
141,285
141,345
141,432
141,439
141,533
141,568
141,631
141,647
141,664
141,718
141,723
141,764
141,779
141,796
141,807
141,814
141,876
141,967
141,998
142,95
142,181
142,273
142,290
142,303
142,338
142,375
142,392
142,406
142,464
142,484
142,515
142,559
142,563
142,746
142,772
142,794
142,800
142,865
142,905
142,930
143,3
143,41
143,52
143,79
143,194
143,198
143,316
143,379
143,430
143,446
143,473
143,490
143,541
143,551
143,637
143,892
143,906
144,26
144,256
144,269
144,357
144,364
144,377
144,426
144,444
144,722
144,730
144,758
144,775
144,789
144,827
144,931
145,34
145,245
145,283
145,300
145,390
145,438
145,502
145,623
145,654
145,688
145,813
145,895
145,898
145,913
146,60
146,194
146,225
146,232
146,277
146,286
146,296
146,308
146,340
146,437
146,475
146,479
146,522
146,524
146,528
146,551
146,573
146,620
146,636
146,704
146,725
146,798
146,805
146,815
146,904
146,955
147,226
147,229
147,240
147,382
147,419
147,553
147,597
147,660
147,875
147,929
147,990
148,27
148,31
148,51
148,67
148,86
148,97
148,262
148,265
148,292
148,293
148,295
148,402
148,501
148,509
148,588
148,678
148,787
148,834
148,862
148,971
149,15
149,28
149,68
149,151
149,167
149,201
149,274
149,307
149,343
149,372
149,400
149,405
149,465
149,518
149,590
149,613
149,674
149,731
149,771
149,842
149,843
149,885
149,949
150,21
150,34
150,217
150,281
150,283
150,450
150,493
150,508
150,555
150,654
150,693
150,813
150,819
150,874
150,887
150,895
151,28
151,68
151,85
151,167
151,201
151,274
151,307
151,343
151,372
151,405
151,443
151,518
151,519
151,590
151,731
151,771
151,842
151,885
151,933
151,949
152,31
152,262
152,309
152,349
152,358
152,530
152,592
152,686
152,703
152,902
153,4
153,35
153,217
153,284
153,306
153,319
153,339
153,360
153,374
153,378
153,387
153,413
153,452
153,472
153,476
153,493
153,527
153,546
153,711
153,733
153,750
153,793
153,874
153,907
153,976
154,38
154,88
154,178
154,373
154,396
154,442
154,587
154,607
154,719
154,760
154,778
154,940
154,989
155,90
155,204
155,212
155,215
155,222
155,239
155,354
155,380
155,567
155,629
155,632
155,640
155,670
155,672
155,734
155,749
155,782
155,914
155,982
156,7
156,17
156,56
156,62
156,205
156,280
156,354
156,433
156,495
156,529
156,643
156,663
156,735
156,749
156,754
156,868
156,925
156,961
157,6
157,208
157,254
157,401
157,481
157,488
157,537
157,542
157,545
157,608
157,726
157,877
157,891
157,959
157,964
157,973
158,70
158,89
158,195
158,219
158,224
158,302
158,427
158,461
158,562
158,572
158,625
158,757
158,785
158,861
158,911
158,935
158,984
158,986
159,246
159,314
159,443
159,519
159,590
159,612
159,674
159,696
159,731
159,780
159,910
160,61
160,66
160,186
160,220
160,256
160,304
160,430
160,473
160,486
160,490
160,549
160,630
160,637
160,729
160,818
160,860
160,881
160,882
160,883
160,903
160,936
160,957
161,203
161,244
161,274
161,291
161,326
161,351
161,371
161,415
161,593
161,680
161,797
161,944
162,171
162,263
162,299
162,314
162,322
162,328
162,368
162,454
162,459
162,470
162,569
162,690
162,748
162,755
162,780
162,788
162,801
162,802
162,857
162,958
163,58
163,184
163,249
163,466
163,482
163,507
163,512
163,577
163,582
163,668
163,700
163,795
163,846
163,855
163,928
164,60
164,253
164,340
164,350
164,524
164,636
164,705
164,870
164,927
164,946
164,948
165,54
165,89
165,94
165,219
165,261
165,359
165,562
165,572
165,625
165,692
165,720
165,837
165,861
166,40
166,73
166,95
166,254
166,331
166,464
166,538
166,540
166,563
166,580
166,712
166,762
166,769
166,831
166,850
166,865
166,879
166,890
166,969
166,992
167,28
167,68
167,85
167,201
167,343
167,372
167,400
167,405
167,443
167,465
167,516
167,519
167,590
167,613
167,674
167,731
167,771
167,843
167,885
168,36
168,84
168,177
168,183
168,266
168,492
168,634
168,675
168,776
169,47
169,49
169,202
169,223
169,279
169,301
169,317
169,355
169,376
169,422
169,469
169,498
169,558
169,575
169,617
169,676
169,677
169,713
169,727
169,768
169,786
169,897
169,981
170,23
170,25
170,27
170,32
170,191
170,255
170,334
170,352
170,599
170,655
170,709
170,767
170,773
170,799
170,828
170,873
170,962
170,966
170,996
171,82
171,175
171,342
171,382
171,419
171,454
171,553
171,569
171,597
171,690
171,724
171,748
171,751
171,788
171,801
171,864
171,875
171,908
171,922
171,958
171,990
171,995
172,42
172,57
172,64
172,77
172,209
172,228
172,246
172,252
172,329
172,432
172,462
172,499
172,523
172,591
172,609
172,627
172,647
172,673
172,718
172,747
172,779
172,783
172,796
172,876
172,956
172,967
173,42
173,57
173,81
173,209
173,285
173,345
173,432
173,533
173,568
173,647
173,764
173,779
173,807
173,876
173,967
174,27
174,51
174,97
174,247
174,318
174,337
174,362
174,402
174,480
174,531
174,600
174,659
174,678
174,854
174,909
174,926
175,82
175,270
175,342
175,594
175,606
175,864
175,922
175,995
176,185
176,193
176,197
176,206
176,271
176,313
176,344
176,346
176,447
176,451
176,644
176,732
176,863
176,893
177,36
177,44
177,65
177,84
177,182
177,183
177,188
177,190
177,266
177,310
177,323
177,332
177,384
177,420
177,463
177,492
177,581
177,614
177,615
177,616
177,675
177,710
177,776
177,853
178,87
178,253
178,350
178,373
178,396
178,442
178,557
178,587
178,595
178,607
178,687
178,705
178,719
178,740
178,760
178,778
178,811
178,940
178,946
178,948
178,979
178,989
179,50
179,54
179,94
179,207
179,236
179,261
179,359
179,434
179,504
179,562
179,572
179,625
179,641
179,682
179,692
179,757
179,861
179,899
180,691
180,839
180,856
181,338
181,375
181,418
181,485
181,717
181,743
181,772
181,794
181,839
181,856
181,993
182,36
182,44
182,65
182,84
182,183
182,190
182,266
182,310
182,332
182,463
182,492
182,581
182,710
182,776
182,853
183,36
183,84
183,266
183,333
183,384
183,463
183,492
183,615
183,710
183,761
183,776
184,76
184,188
184,221
184,333
184,384
184,512
184,535
184,577
184,668
184,700
184,736
184,761
184,855
184,928
185,193
185,197
185,271
185,447
185,451
185,863
185,889
186,61
186,220
186,247
186,256
186,357
186,377
186,444
186,809
186,903
186,936
187,69
187,339
187,385
187,389
187,476
187,485
187,497
187,717
187,733
187,743
187,791
187,825
187,866
187,920
187,993
188,44
188,65
188,84
188,266
188,310
188,323
188,332
188,420
188,535
188,581
188,614
188,616
188,710
188,776
188,853
189,250
189,298
189,319
189,374
189,375
189,378
189,385
189,472
189,493
189,585
189,693
189,756
189,804
189,819
190,44
190,84
190,266
190,332
190,492
190,611
190,675
190,710
190,853
191,25
191,27
191,32
191,46
191,59
191,474
191,526
191,599
191,646
191,681
191,689
191,773
191,799
191,878
191,923
191,962
191,966
191,971
191,985
191,996
192,5
192,43
192,195
192,302
192,362
192,427
192,480
192,531
192,600
192,728
192,785
192,848
192,871
192,938
192,984
192,986
192,991
193,30
193,72
193,197
193,271
193,447
193,451
193,644
193,791
193,826
193,856
193,863
193,889
194,3
194,52
194,79
194,225
194,277
194,286
194,379
194,475
194,479
194,522
194,524
194,528
194,541
194,551
194,573
194,596
194,620
194,636
194,649
194,697
194,725
194,798
194,805
194,815
194,823
194,892
194,904
194,906
194,942
195,5
195,70
195,224
195,302
195,393
195,461
195,728
195,757
195,785
195,861
195,871
195,938
195,984
195,986
195,991
196,90
196,210
196,211
196,282
196,354
196,370
196,388
196,412
196,629
196,632
196,672
196,734
196,841
196,945
196,947
196,951
196,982
196,983
196,997
197,30
197,72
197,258
197,271
197,403
197,404
197,447
197,451
197,644
197,661
197,791
197,824
197,826
197,863
197,889
198,41
198,55
198,66
198,311
198,316
198,379
198,430
198,473
198,490
198,573
198,596
198,637
198,697
198,716
198,805
198,815
198,823
198,835
198,849
198,881
198,892
198,947
198,951
199,3
199,52
199,248
199,272
199,277
199,379
199,437
199,479
199,520
199,551
199,584
199,649
200,33
200,40
200,317
200,417
200,449
200,514
200,560
200,877
200,954
201,68
201,75
201,85
201,260
201,289
201,443
201,465
201,516
201,519
201,590
201,613
201,671
201,674
201,731
201,771
201,780
201,885
201,910
202,47
202,227
202,234
202,301
202,355
202,376
202,386
202,395
202,469
202,498
202,558
202,638
202,676
202,677
202,713
202,727
202,786
202,897
202,981
203,244
203,274
203,291
203,326
203,351
203,371
203,415
203,467
203,593
203,680
203,797
203,944
204,222
204,567
204,640
204,670
204,734
204,782
204,914
205,7
205,56
205,280
205,433
205,495
205,529
205,663
205,735
205,754
205,868
205,925
205,961
206,98
206,425
206,633
206,723
206,732
206,893
206,998
207,45
207,50
207,54
207,236
207,261
207,336
207,400
207,410
207,415
207,641
207,682
207,692
207,837
208,254
208,401
208,449
208,481
208,537
208,542
208,545
208,726
208,877
209,42
209,57
209,81
209,213
209,228
209,246
209,345
209,432
209,533
209,647
209,718
209,764
209,779
209,796
209,807
209,876
209,967
210,211
210,282
210,311
210,370
210,388
210,412
210,477
210,841
210,945
210,947
210,951
210,983
210,997
211,38
211,62
211,90
211,370
211,506
211,629
211,643
211,672
211,741
211,760
211,844
211,982
211,983
211,997
212,90
212,354
212,544
212,629
212,749
212,982
213,42
213,57
213,63
213,81
213,345
213,533
213,647
213,764
213,807
213,876
214,6
214,93
214,254
214,401
214,468
214,488
214,545
214,608
214,821
214,833
214,852
214,890
214,891
214,901
214,959
214,964
214,973
214,975
215,55
215,90
215,222
215,239
215,268
215,364
215,380
215,412
215,426
215,429
215,554
215,629
215,630
215,632
215,640
215,694
215,734
215,775
215,782
215,827
215,860
215,883
215,914
215,957
215,977
216,231
216,240
216,242
216,264
216,321
216,356
216,382
216,501
216,536
216,553
216,561
216,586
216,624
216,660
216,736
216,751
216,777
216,858
216,875
216,943
216,953
216,970
217,360
217,413
217,493
217,527
217,585
217,750
217,793
217,874
218,9
218,60
218,312
218,367
218,397
218,398
218,428
218,522
218,635
218,650
218,656
218,704
218,753
218,759
218,770
218,870
218,955
219,70
219,89
219,94
219,224
219,261
219,315
219,330
219,359
219,434
219,461
219,562
219,572
219,618
219,625
219,692
219,757
219,845
219,861
219,899
219,911
219,986
220,43
220,247
220,304
220,318
220,362
220,402
220,549
220,659
220,848
220,854
220,903
220,909
220,926
221,384
221,512
221,577
221,668
221,700
221,761
221,855
221,928
222,90
222,239
222,380
222,567
222,629
222,632
222,640
222,670
222,672
222,734
222,782
222,914
222,982
223,99
223,279
223,317
223,422
223,560
223,652
223,662
223,676
223,768
223,897
224,70
224,89
224,94
224,261
224,315
224,330
224,359
224,434
224,461
224,562
224,572
224,618
224,625
224,692
224,757
224,845
224,861
224,899
224,911
224,984
224,986
225,60
225,232
225,277
225,286
225,296
225,340
225,475
225,479
225,522
225,524
225,528
225,551
225,573
225,596
225,620
225,636
225,697
225,725
225,798
225,805
225,815
225,904
226,229
226,419
226,453
226,516
226,597
226,671
226,674
226,679
226,917
226,929
227,237
227,469
227,498
227,558
227,570
227,713
227,786
227,830
227,981
227,988
227,994
228,42
228,57
228,64
228,77
228,246
228,252
228,307
228,329
228,345
228,432
228,462
228,499
228,523
228,591
228,609
228,627
228,647
228,673
228,718
228,747
228,779
228,783
228,796
228,808
228,876
228,915
228,956
228,967
229,75
229,419
229,453
229,553
229,597
229,671
229,674
229,744
229,780
229,875
229,910
229,917
229,990
230,68
230,252
230,274
230,294
230,307
230,421
230,590
230,604
230,731
230,771
230,781
230,808
230,812
230,842
230,933
230,949
231,242
231,356
231,536
231,624
231,751
231,777
231,858
231,943
231,953
232,60
232,286
232,296
232,308
232,340
232,437
232,479
232,522
232,528
232,636
232,704
232,725
232,815
232,904
232,955
233,252
233,294
233,307
233,313
233,346
233,381
233,441
233,523
233,591
233,604
233,619
233,673
233,747
233,783
233,808
233,812
233,842
233,915
234,386
234,583
234,713
234,786
235,72
235,91
235,258
235,271
235,313
235,344
235,346
235,381
235,403
235,404
235,407
235,431
235,441
235,447
235,644
235,661
235,698
235,752
235,826
236,24
236,50
236,54
236,261
236,315
236,320
236,330
236,336
236,410
236,415
236,504
236,610
236,641
236,651
236,682
236,692
236,765
236,817
236,837
236,845
236,899
237,47
237,324
237,355
237,367
237,558
237,570
237,574
237,639
237,650
237,666
237,677
237,786
237,830
237,840
237,896
237,912
237,981
237,988
237,994
238,292
238,293
238,393
238,494
238,728
238,834
238,871
238,911
238,941
238,984
238,991
239,268
239,364
239,380
239,412
239,426
239,429
239,554
239,629
239,640
239,694
239,734
239,775
239,782
239,827
239,883
239,914
239,977
240,94
240,242
240,264
240,321
240,356
240,461
240,494
240,553
240,561
240,572
240,624
240,660
240,720
240,777
240,911
240,970
240,974
241,278
241,331
241,335
241,391
241,450
241,505
241,538
241,540
241,555
241,804
241,887
241,952
242,86
242,259
242,276
242,321
242,325
242,356
242,358
242,414
242,501
242,561
242,586
242,592
242,603
242,624
242,736
242,751
242,858
242,943
242,953
242,999
243,95
243,250
243,298
243,327
243,331
243,391
243,409
243,416
243,450
243,464
243,505
243,538
243,563
243,585
243,645
243,693
243,756
243,804
243,819
243,865
243,879
243,887
243,930
243,960
243,969
244,28
244,274
244,284
244,294
244,366
244,405
244,467
244,518
244,543
244,593
244,604
244,653
244,680
244,797
244,812
244,842
244,847
244,944
245,34
245,283
245,300
245,390
245,438
245,457
245,589
245,654
245,688
245,895
245,898
245,913
246,42
246,57
246,77
246,307
246,345
246,523
246,590
246,609
246,612
246,627
246,647
246,696
246,731
246,771
246,876
246,933
247,43
247,256
247,318
247,357
247,362
247,402
247,444
247,474
247,531
247,659
247,678
247,681
247,689
247,809
247,854
247,903
247,909
247,926
247,937
248,3
248,52
248,71
248,272
248,277
248,399
248,437
248,479
248,510
248,520
248,551
248,584
248,649
248,667
248,822
248,859
249,58
249,78
249,270
249,342
249,466
249,482
249,503
249,507
249,577
249,582
249,594
249,668
249,795
249,846
249,855
249,928
249,995
250,298
250,327
250,331
250,450
250,493
250,508
250,585
250,693
250,756
250,804
250,819
250,960
251,48
251,297
251,314
251,322
251,368
251,408
251,423
251,424
251,454
251,459
251,478
251,628
251,696
251,774
251,780
251,857
251,921
252,64
252,68
252,77
252,294
252,307
252,329
252,381
252,421
252,441
252,462
252,523
252,591
252,609
252,627
252,647
252,673
252,718
252,747
252,781
252,783
252,796
252,808
252,812
252,842
252,876
252,915
252,933
252,956
253,60
253,87
253,350
253,477
253,524
253,557
253,571
253,595
253,705
253,740
253,792
253,811
253,870
253,927
253,946
253,948
253,979
253,989
254,6
254,33
254,40
254,93
254,401
254,449
254,481
254,488
254,514
254,537
254,545
254,712
254,821
254,833
254,850
254,852
254,877
254,890
254,901
254,934
254,964
254,973
255,27
255,32
255,334
255,352
255,564
255,655
255,709
255,767
255,773
255,873
255,966
255,996
256,26
256,61
256,269
256,357
256,364
256,377
256,426
256,444
256,458
256,547
256,689
256,730
256,758
256,789
256,809
256,903
256,931
256,936
257,30
257,37
257,72
257,339
257,404
257,407
257,447
257,476
257,532
257,543
257,604
257,661
257,733
257,791
257,824
257,884
257,920
257,968
258,30
258,72
258,91
258,271
258,313
258,403
258,404
258,447
258,644
258,661
258,698
258,752
258,791
258,824
258,826
259,86
259,276
259,325
259,349
259,414
259,586
259,592
259,603
259,624
259,686
259,703
259,736
259,858
259,862
259,943
259,953
259,999
260,75
260,289
260,445
260,453
260,519
260,613
260,671
260,674
260,780
260,910
261,50
261,54
261,89
261,94
261,315
261,330
261,359
261,410
261,434
261,504
261,562
261,572
261,618
261,625
261,626
261,641
261,692
261,757
261,765
261,837
261,845
261,861
261,899
262,31
262,86
262,292
262,293
262,349
262,358
262,414
262,501
262,561
262,603
262,686
262,834
262,862
263,75
263,314
263,322
263,368
263,419
263,423
263,445
263,454
263,459
263,671
263,690
263,724
263,748
263,780
263,802
263,857
263,910
264,89
264,321
264,356
264,461
264,494
264,572
264,625
264,660
264,720
264,777
264,861
264,911
264,970
264,974
265,31
265,51
265,67
265,97
265,292
265,293
265,295
265,509
265,787
265,834
265,862
266,36
266,44
266,65
266,84
266,310
266,332
266,384
266,420
266,463
266,492
266,581
266,611
266,615
266,675
266,710
266,776
266,853
267,31
267,521
267,525
267,530
267,614
267,655
267,686
268,364
268,426
268,429
268,554
268,622
268,722
268,775
268,827
268,832
268,883
268,931
268,977
269,46
269,364
269,426
269,444
269,458
269,547
269,681
269,722
269,730
269,758
269,789
269,878
269,931
269,987
270,78
270,82
270,342
270,503
270,582
270,606
270,795
270,995
271,72
271,91
271,313
271,344
271,346
271,381
271,403
271,404
271,447
271,644
271,661
271,698
271,752
271,826
271,863
272,3
272,52
272,79
272,379
272,437
272,446
272,520
272,551
272,584
272,649
272,820
272,892
272,906
273,95
273,290
273,303
273,338
273,361
273,392
273,406
273,409
273,464
273,468
273,484
273,550
273,559
273,563
273,580
273,645
273,746
273,756
273,762
273,800
273,865
273,879
273,905
273,930
273,969
274,28
274,284
274,343
274,405
274,467
274,518
274,593
274,680
274,781
274,797
274,842
274,847
274,885
274,944
275,71
275,288
275,300
275,347
275,438
275,457
275,502
275,589
275,707
275,714
275,742
275,766
275,806
275,869
275,916
275,932
276,58
276,325
276,466
276,503
276,507
276,536
276,586
276,603
276,668
276,736
276,784
276,858
276,928
276,943
276,953
276,999
277,286
277,308
277,437
277,475
277,479
277,522
277,528
277,551
277,620
277,636
277,649
277,725
277,815
277,904
277,955
278,49
278,335
278,555
278,598
278,621
278,838
278,872
278,887
278,952
279,99
279,395
279,422
279,517
279,652
279,662
279,676
279,683
279,727
279,768
279,897
280,7
280,56
280,433
280,495
280,511
280,529
280,663
280,735
280,754
280,868
280,925
280,961
281,34
281,283
281,383
281,450
281,493
281,508
281,555
281,654
281,693
281,813
281,819
281,887
281,895
282,87
282,341
282,350
282,370
282,388
282,396
282,477
282,596
282,642
282,760
282,805
282,841
282,844
282,945
282,946
282,948
282,983
283,300
283,335
283,383
283,390
283,438
283,502
283,555
283,589
283,707
283,714
283,766
283,806
283,829
283,869
283,898
283,913
283,939
283,952
284,35
284,291
284,306
284,326
284,339
284,351
284,360
284,366
284,387
284,476
284,527
284,532
284,543
284,593
284,604
284,711
284,733
284,750
284,793
284,797
284,907
284,944
284,976
285,42
285,57
285,77
285,287
285,329
285,345
285,432
285,439
285,568
285,647
285,718
285,764
285,779
285,796
285,807
285,967
286,60
286,296
286,308
286,340
286,437
286,475
286,479
286,522
286,528
286,576
286,584
286,620
286,636
286,704
286,725
286,745
286,763
286,815
286,904
286,955
287,42
287,64
287,77
287,329
287,425
287,432
287,462
287,499
287,500
287,523
287,568
287,647
287,673
287,718
287,723
287,747
287,783
287,796
287,956
287,967
288,71
288,347
288,399
288,438
288,502
288,510
288,589
288,707
288,714
288,742
288,763
288,806
288,859
288,869
288,896
288,912
288,932
289,75
289,453
289,465
289,516
289,613
289,671
289,674
290,303
290,392
290,406
290,468
290,484
290,515
290,550
290,559
290,746
290,800
290,905
291,306
291,326
291,351
291,360
291,413
291,593
291,680
291,750
291,793
291,797
291,888
291,944
292,86
292,293
292,414
292,501
292,561
292,834
293,51
293,86
293,97
293,356
293,358
293,393
293,414
293,494
293,501
293,509
293,561
293,624
293,686
293,834
293,862
293,871
293,911
293,941
293,991
294,366
294,421
294,441
294,467
294,591
294,604
294,619
294,653
294,747
294,781
294,812
294,842
294,884
295,8
295,51
295,67
295,97
295,337
295,402
295,509
295,678
295,699
295,787
295,816
295,854
295,937
295,971
296,60
296,308
296,340
296,398
296,437
296,479
296,522
296,524
296,528
296,636
296,650
296,704
296,725
296,745
296,763
296,815
296,904
296,955
297,48
297,314
297,328
297,368
297,408
297,411
297,423
297,424
297,454
297,459
297,470
297,478
297,487
297,628
297,696
297,755
297,774
297,857
297,880
297,921
298,95
298,327
298,331
298,375
298,378
298,450
298,472
298,645
298,693
298,756
298,804
298,819
298,960
298,969
299,328
299,368
299,459
299,470
299,487
299,690
299,748
299,755
299,801
299,802
299,857
300,34
300,390
300,438
300,457
300,502
300,589
300,654
300,688
300,898
300,913
301,47
301,49
301,335
301,355
301,469
301,598
301,617
301,621
301,669
301,838
301,897
301,981
302,5
302,427
302,480
302,785
302,871
302,938
302,984
302,986
303,93
303,392
303,406
303,468
303,484
303,515
303,550
303,559
303,685
303,721
303,746
303,800
303,833
303,905
304,43
304,318
304,480
304,486
304,496
304,549
304,659
304,848
304,882
304,909
305,363
305,369
305,427
305,471
305,480
305,496
305,548
305,566
305,605
305,657
305,708
305,886
306,4
306,35
306,326
306,339
306,360
306,378
306,387
306,413
306,452
306,476
306,527
306,532
306,543
306,546
306,711
306,733
306,750
306,793
306,888
306,907
306,976
307,42
307,68
307,85
307,343
307,405
307,421
307,462
307,519
307,523
307,590
307,609
307,627
307,731
307,771
307,781
307,808
307,812
307,842
307,885
307,933
307,949
308,60
308,340
308,398
308,399
308,437
308,479
308,522
308,528
308,551
308,576
308,584
308,650
308,704
308,725
308,745
308,763
308,904
308,955
309,31
309,51
309,67
309,365
309,455
309,521
309,530
309,588
309,602
309,655
309,709
309,767
309,773
309,787
309,816
309,971
310,44
310,65
310,84
310,323
310,332
310,420
310,581
310,614
310,616
310,710
310,776
310,853
311,388
311,412
311,477
311,596
311,716
311,805
311,841
311,945
311,947
311,951
312,60
312,367
312,428
312,565
312,574
312,635
312,656
312,702
312,753
312,759
312,770
312,792
312,870
312,965
313,72
313,91
313,344
313,346
313,381
313,404
313,431
313,440
313,441
313,500
313,523
313,591
313,644
313,673
313,698
313,732
313,747
313,752
313,783
313,826
313,884
313,915
314,75
314,322
314,368
314,419
314,423
314,424
314,445
314,454
314,459
314,478
314,628
314,671
314,724
314,748
314,780
314,802
314,857
314,910
314,921
315,330
315,434
315,504
315,562
315,601
315,618
315,626
315,757
315,765
315,845
316,41
316,79
316,363
316,379
316,430
316,446
316,473
316,496
316,541
316,605
316,657
316,892
316,906
317,49
317,355
317,422
317,449
317,560
317,575
317,617
317,768
317,872
317,897
317,954
318,43
318,337
318,362
318,402
318,480
318,531
318,600
318,659
318,678
318,848
318,854
318,882
318,909
318,926
319,74
319,374
319,375
319,378
319,385
319,387
319,389
319,472
319,527
319,546
319,693
319,711
319,743
319,756
319,866
320,415
320,504
320,610
320,626
320,651
320,765
320,817
321,356
321,553
321,561
321,624
321,660
321,777
321,970
322,75
322,368
322,419
322,423
322,445
322,454
322,459
322,569
322,597
322,671
322,690
322,724
322,748
322,780
322,788
322,801
322,802
322,857
322,910
322,958
323,44
323,65
323,76
323,332
323,535
323,581
323,614
323,616
323,710
323,738
323,853
324,47
324,570
324,639
324,666
324,677
324,830
324,896
324,988
324,994
325,58
325,349
325,507
325,536
325,586
325,603
325,736
325,784
325,858
325,943
325,999
326,35
326,351
326,360
326,366
326,413
326,476
326,532
326,543
326,593
326,604
326,750
326,793
326,797
326,888
326,907
326,944
327,95
327,331
327,391
327,409
327,416
327,450
327,464
327,585
327,645
327,693
327,756
327,804
327,819
327,879
327,887
327,930
327,960
327,969
328,368
328,411
328,459
328,470
328,487
328,628
328,690
328,748
328,755
328,802
328,857
328,921
329,42
329,64
329,77
329,425
329,432
329,462
329,499
329,500
329,523
329,568
329,591
329,627
329,647
329,673
329,718
329,723
329,732
329,747
329,783
329,796
329,876
329,915
329,956
329,967
329,998
330,39
330,434
330,504
330,562
330,601
330,618
330,623
330,625
330,626
330,737
330,757
330,765
330,845
330,899
331,40
331,95
331,391
331,450
331,505
331,538
331,540
331,563
331,585
331,645
331,693
331,756
331,762
331,769
331,804
331,819
331,887
331,960
332,44
332,65
332,84
332,384
332,420
332,463
332,492
332,581
332,614
332,616
332,710
332,761
332,776
332,853
333,384
333,577
333,615
333,761
333,776
333,855
334,352
334,365
334,455
334,602
334,655
334,699
334,709
334,767
334,773
334,816
334,873
334,966
334,971
334,996
335,49
335,383
335,422
335,538
335,540
335,555
335,575
335,598
335,617
335,621
335,766
335,829
335,838
335,872
335,887
335,897
335,898
335,939
335,952
336,45
336,50
336,54
336,400
336,410
336,641
336,682
336,837
337,51
337,97
337,362
337,402
337,531
337,600
337,678
337,787
337,854
337,909
337,926
337,937
337,971
338,95
338,375
338,409
338,416
338,464
338,559
338,563
338,580
338,645
338,746
338,756
338,762
338,865
338,879
338,930
338,969
339,4
339,35
339,37
339,69
339,74
339,351
339,378
339,385
339,387
339,389
339,407
339,447
339,452
339,476
339,497
339,527
339,532
339,543
339,546
339,661
339,711
339,733
339,791
339,824
339,825
339,884
339,907
339,920
339,976
339,993
340,60
340,437
340,479
340,522
340,524
340,528
340,573
340,596
340,636
340,658
340,725
340,770
340,798
340,805
340,815
340,904
340,927
340,955
341,350
341,477
341,573
341,596
341,636
341,805
341,844
341,904
341,945
342,58
342,78
342,82
342,503
342,582
342,594
342,606
342,795
342,995
343,68
343,372
343,405
343,518
343,842
343,885
344,72
344,346
344,440
344,644
344,752
344,826
345,42
345,57
345,81
345,432
345,533
345,568
345,647
345,764
345,779
345,807
345,876
345,967
346,72
346,91
346,381
346,404
346,431
346,440
346,441
346,644
346,752
346,826
347,71
347,399
347,510
347,589
347,707
347,714
347,742
347,766
347,806
347,859
347,869
348,81
348,665
348,701
348,807
349,76
349,358
349,530
349,592
349,603
349,686
349,703
349,736
349,738
349,862
349,902
349,999
350,87
350,373
350,477
350,524
350,557
350,573
350,587
350,595
350,596
350,607
350,636
350,687
350,705
350,740
350,798
350,811
350,815
350,844
350,904
350,940
350,945
350,946
350,948
350,979
351,366
351,476
351,532
351,543
351,593
351,604
351,733
351,750
351,797
351,888
351,907
351,944
352,599
352,709
352,799
352,828
352,873
352,966
352,996
353,83
353,427
353,436
353,460
353,471
353,489
353,491
353,539
353,548
353,566
353,708
353,739
353,886
353,935
353,972
353,978
354,62
354,90
354,506
354,544
354,629
354,643
354,672
354,735
354,741
354,749
354,982
354,997
355,47
355,49
355,422
355,469
355,617
355,677
355,768
355,840
355,897
355,981
355,994
356,494
356,501
356,553
356,561
356,586
356,624
356,660
356,751
356,777
356,953
356,970
356,974
357,364
357,377
357,429
357,444
357,458
357,630
357,689
357,730
357,758
357,809
357,860
357,903
357,936
357,957
358,86
358,414
358,501
358,561
358,592
358,603
358,686
358,703
358,834
358,862
358,999
359,54
359,89
359,94
359,410
359,434
359,562
359,572
359,625
359,692
359,720
359,757
359,837
359,861
359,899
360,413
360,493
360,527
360,750
360,793
360,874
360,888
361,73
361,93
361,392
361,406
361,464
361,468
361,484
361,550
361,559
361,746
361,821
361,833
361,852
361,865
361,890
361,905
361,930
361,964
362,5
362,480
362,531
362,600
362,659
362,678
362,728
362,848
362,854
362,871
362,909
362,926
362,938
363,369
363,427
363,446
363,471
363,480
363,496
363,548
363,566
363,605
363,657
363,708
363,886
363,906
364,377
364,426
364,429
364,444
364,554
364,622
364,640
364,694
364,722
364,730
364,758
364,775
364,789
364,809
364,827
364,883
364,931
364,977
365,8
365,67
365,455
365,521
365,530
365,588
365,602
365,655
365,699
365,709
365,767
365,773
365,816
365,971
366,467
366,476
366,532
366,543
366,604
366,619
366,653
366,733
366,797
366,884
366,907
366,944
366,968
367,9
367,60
367,428
367,574
367,635
367,650
367,656
367,702
367,704
367,753
367,759
367,770
367,988
368,411
368,423
368,454
368,459
368,470
368,487
368,628
368,748
368,755
368,780
368,802
368,857
368,921
369,43
369,427
369,480
369,496
369,548
369,605
369,657
369,708
369,848
369,882
370,38
370,62
370,87
370,388
370,396
370,477
370,506
370,596
370,642
370,643
370,760
370,841
370,844
370,945
370,983
370,997
371,400
371,405
371,467
371,593
371,610
371,680
371,847
371,944
372,68
372,400
372,405
372,465
372,516
372,518
372,613
372,682
372,843
372,885
373,87
373,396
373,442
373,587
373,607
373,687
373,719
373,740
373,760
373,778
373,940
373,989
374,4
374,74
374,375
374,378
374,385
374,387
374,389
374,452
374,472
374,493
374,527
374,546
374,585
374,711
374,743
374,750
374,756
374,793
374,866
374,874
375,74
375,378
375,385
375,387
375,409
375,416
375,472
375,527
375,645
375,743
375,756
375,804
375,819
375,866
375,960
375,993
376,395
376,469
376,498
376,638
376,676
376,683
376,713
376,727
376,768
376,786
376,981
377,61
377,426
377,444
377,730
377,758
377,789
377,809
377,903
377,936
378,4
378,69
378,74
378,385
378,387
378,389
378,452
378,472
378,476
378,527
378,546
378,693
378,711
378,756
378,825
378,920
378,976
379,52
379,79
379,430
379,437
379,446
379,473
379,475
379,541
379,551
379,649
379,697
379,815
379,823
379,892
379,906
379,942
380,55
380,61
380,90
380,412
380,426
380,554
380,629
380,632
380,640
380,672
380,694
380,734
380,782
380,860
380,883
380,977
380,982
381,72
381,91
381,404
381,431
381,440
381,441
381,500
381,523
381,591
381,604
381,619
381,644
381,673
381,732
381,747
381,752
381,783
381,812
381,826
381,915
382,82
382,553
382,597
382,748
382,751
382,864
382,875
382,908
382,958
382,990
383,49
383,438
383,502
383,555
383,589
383,598
383,621
383,707
383,714
383,766
383,806
383,829
383,838
383,869
383,898
383,913
383,939
383,952
384,463
384,512
384,577
384,615
384,700
384,710
384,761
384,776
384,855
385,4
385,69
385,74
385,387
385,389
385,452
385,472
385,476
385,485
385,497
385,546
385,711
385,733
385,743
385,756
385,791
385,825
385,866
385,907
385,920
385,976
385,993
386,570
386,583
386,713
386,786
387,4
387,69
387,74
387,389
387,452
387,472
387,476
387,493
387,527
387,546
387,711
387,733
387,743
387,750
387,791
387,793
387,825
387,866
387,874
387,907
387,920
387,976
388,412
388,477
388,596
388,716
388,805
388,841
388,945
388,947
388,951
388,983
389,4
389,69
389,74
389,407
389,452
389,472
389,476
389,485
389,497
389,527
389,532
389,543
389,546
389,711
389,733
389,743
389,791
389,824
389,825
389,866
389,884
389,907
389,920
389,976
389,993
390,438
390,457
390,589
390,623
390,654
390,688
390,895
390,898
390,913
391,450
391,505
391,538
391,693
391,756
391,762
391,804
391,887
392,406
392,464
392,468
392,484
392,550
392,559
392,746
392,800
392,865
392,890
392,905
392,930
393,5
393,461
393,494
393,600
393,728
393,834
393,871
393,911
393,938
393,941
393,984
393,986
393,991
394,98
394,425
394,456
394,723
394,814
394,836
394,998
395,469
395,498
395,583
395,638
395,662
395,676
395,683
395,713
395,727
395,768
396,87
396,442
396,587
396,607
396,642
396,760
396,844
396,940
396,989
397,9
397,398
397,639
397,650
397,666
397,704
397,745
397,763
397,912
397,988
398,9
398,60
398,479
398,639
398,650
398,704
398,745
398,770
398,955
399,71
399,437
399,479
399,510
399,520
399,576
399,584
399,667
399,707
399,742
399,763
399,806
399,822
399,859
399,896
399,912
399,955
400,45
400,50
400,410
400,453
400,465
400,516
400,518
400,593
400,613
400,641
400,679
400,682
400,837
400,843
401,6
401,481
401,488
401,537
401,545
401,877
401,934
401,964
401,973
402,51
402,97
402,474
402,531
402,659
402,678
402,681
402,689
402,787
402,854
402,909
402,937
402,971
402,985
403,72
403,404
403,407
403,431
403,447
403,644
403,661
403,698
403,733
403,752
403,791
403,824
403,826
403,993
404,72
404,91
404,407
404,431
404,441
404,447
404,543
404,619
404,644
404,661
404,698
404,752
404,826
404,884
405,68
405,467
405,518
405,593
405,842
405,847
405,885
405,949
406,73
406,464
406,468
406,484
406,515
406,550
406,559
406,685
406,721
406,746
406,800
406,821
406,865
406,890
406,905
406,930
407,72
407,91
407,431
407,447
407,476
407,532
407,543
407,604
407,619
407,661
407,698
407,733
407,791
407,824
407,825
407,884
407,907
407,920
407,968
407,993
408,48
408,63
408,424
408,448
408,478
408,487
408,533
408,628
408,696
408,774
408,880
409,95
409,416
409,464
409,538
409,563
409,580
409,645
409,756
409,762
409,769
409,865
409,879
409,930
409,969
410,45
410,50
410,54
410,94
410,516
410,562
410,572
410,625
410,641
410,679
410,682
410,692
410,837
410,929
411,424
411,459
411,470
411,478
411,487
411,628
411,696
411,755
411,857
411,921
412,55
412,90
412,629
412,672
412,734
412,841
412,849
412,851
412,947
412,951
412,982
413,92
413,493
413,527
413,610
413,651
413,750
413,793
413,813
413,874
413,888
414,86
414,501
414,561
414,586
414,592
414,603
414,624
414,834
414,858
414,943
414,953
414,999
415,593
415,610
415,641
415,680
415,682
416,95
416,464
416,472
416,645
416,756
416,969
417,99
417,449
417,514
417,517
417,652
417,877
418,485
418,717
418,743
418,772
418,839
418,993
419,75
419,453
419,454
419,569
419,597
419,671
419,674
419,690
419,724
419,744
419,748
419,780
419,788
419,802
419,910
419,917
419,958
420,44
420,65
420,84
420,513
420,611
420,614
420,616
420,634
420,710
420,776
420,853
420,900
420,963
421,68
421,771
421,781
421,808
421,812
421,842
422,49
422,540
422,560
422,575
422,598
422,617
422,621
422,713
422,727
422,768
422,838
422,872
422,897
423,75
423,445
423,454
423,459
423,671
423,744
423,780
423,857
423,910
424,48
424,63
424,478
424,487
424,628
424,696
424,774
424,880
424,921
425,64
425,98
425,432
425,499
425,500
425,633
425,647
425,718
425,723
425,732
425,747
425,783
425,796
425,998
426,429
426,444
426,554
426,622
426,640
426,722
426,730
426,758
426,775
426,789
426,827
426,883
426,914
426,931
426,977
427,436
427,460
427,471
427,491
427,539
427,548
427,566
427,618
427,708
427,757
427,785
427,935
427,972
427,984
427,986
428,60
428,483
428,522
428,574
428,635
428,650
428,656
428,658
428,702
428,704
428,753
428,759
428,770
428,792
428,870
428,927
428,965
429,554
429,622
429,640
429,694
429,722
429,775
429,827
429,832
429,883
429,931
429,977
430,52
430,79
430,446
430,473
430,490
430,496
430,541
430,551
430,605
430,637
430,657
430,729
430,818
430,835
430,881
430,892
430,906
431,72
431,91
431,441
431,447
431,543
431,604
431,619
431,661
431,698
431,812
431,884
431,968
432,57
432,77
432,81
432,439
432,499
432,500
432,523
432,533
432,568
432,627
432,647
432,673
432,718
432,723
432,764
432,779
432,796
432,807
432,876
432,956
432,967
433,7
433,56
433,495
433,529
433,643
433,663
433,735
433,754
433,868
433,925
433,961
434,504
434,562
434,572
434,618
434,623
434,625
434,626
434,757
434,845
434,861
434,899
435,517
435,556
435,652
435,662
435,894
435,950
435,980
436,53
436,83
436,460
436,471
436,489
436,491
436,539
436,548
436,566
436,708
436,739
436,935
436,972
437,52
437,60
437,479
437,520
437,522
437,528
437,551
437,576
437,584
437,649
437,725
437,763
437,822
437,904
437,955
438,457
438,502
438,589
438,654
438,707
438,714
438,742
438,766
438,806
438,829
438,869
438,898
438,913
438,916
438,932
438,939
438,952
439,456
439,568
439,631
439,664
439,814
439,836
439,918
439,967
440,64
440,500
440,644
440,732
440,747
440,752
440,783
440,826
441,72
441,91
441,591
441,604
441,619
441,747
441,783
441,812
441,842
442,87
442,88
442,587
442,607
442,687
442,719
442,760
442,778
442,867
442,940
442,989
443,85
443,519
443,590
443,613
443,674
443,731
443,771
443,780
443,885
444,61
444,458
444,547
444,689
444,722
444,730
444,758
444,789
444,809
444,903
444,931
444,936
444,987
445,75
445,454
445,671
445,744
445,780
445,910
446,52
446,79
446,471
446,496
446,541
446,548
446,551
446,605
446,657
446,886
446,892
446,906
447,72
447,451
447,476
447,532
447,644
447,661
447,698
447,733
447,752
447,791
447,824
447,825
447,826
447,856
447,863
447,889
447,920
448,48
448,57
448,63
448,665
448,696
448,807
449,6
449,481
449,514
449,537
449,545
449,560
449,712
449,877
449,954
450,493
450,505
450,508
450,538
450,555
450,585
450,654
450,693
450,756
450,804
450,819
450,887
450,960
451,863
451,889
452,69
452,74
452,476
452,493
452,527
452,546
452,711
452,743
452,750
452,793
452,825
452,874
452,920
452,976
453,75
453,465
453,516
453,597
453,671
453,674
453,679
453,843
453,917
453,929
454,75
454,459
454,569
454,597
454,671
454,690
454,724
454,748
454,780
454,788
454,801
454,802
454,857
454,910
454,958
455,67
455,530
455,588
455,602
455,655
455,709
455,767
455,773
455,816
455,971
456,98
456,664
456,723
456,814
456,836
456,918
456,998
457,83
457,460
457,502
457,579
457,589
457,688
457,707
457,859
457,916
457,932
457,978
458,46
458,547
458,689
458,722
458,758
458,789
458,809
458,878
458,987
459,470
459,487
459,569
459,628
459,690
459,748
459,755
459,780
459,788
459,801
459,802
459,857
459,958
460,53
460,83
460,471
460,489
460,491
460,539
460,548
460,566
460,708
460,739
460,886
460,906
460,972
460,978
461,70
461,89
461,494
461,561
461,562
461,572
461,625
461,720
461,757
461,861
461,899
461,911
461,974
461,984
462,64
462,77
462,499
462,523
462,591
462,609
462,627
462,647
462,673
462,718
462,747
462,783
462,796
462,808
462,842
462,876
462,915
462,956
463,581
463,710
463,761
463,776
463,853
464,95
464,468
464,550
464,559
464,563
464,580
464,645
464,746
464,756
464,762
464,769
464,865
464,879
464,890
464,905
464,930
464,969
465,516
465,518
465,613
465,641
465,674
465,682
465,843
466,58
466,482
466,503
466,507
466,577
466,582
466,668
466,795
466,846
466,855
466,928
466,943
467,543
467,593
467,604
467,653
467,680
467,812
467,847
467,944
468,93
468,484
468,515
468,550
468,559
468,685
468,721
468,746
468,800
468,833
468,852
468,865
468,890
468,905
468,930
468,964
469,47
469,498
469,558
469,676
469,677
469,713
469,727
469,786
469,897
469,981
470,487
470,628
470,690
470,748
470,755
470,801
470,802
470,857
471,83
471,489
471,491
471,539
471,548
471,566
471,618
471,708
471,739
471,886
471,906
471,935
471,972
471,978
472,74
472,527
472,711
472,743
472,756
472,866
473,55
473,66
473,486
473,490
473,496
473,549
473,605
473,630
473,637
473,729
473,818
473,835
473,851
473,860
473,881
473,892
474,678
474,681
474,689
474,799
474,878
474,923
475,52
475,479
475,522
475,524
475,528
475,551
475,573
475,596
475,620
475,636
475,649
475,697
475,725
475,798
475,805
475,815
475,823
475,904
475,942
476,69
476,72
476,497
476,527
476,532
476,543
476,546
476,604
476,661
476,711
476,733
476,750
476,791
476,797
476,824
476,825
476,884
476,907
476,920
476,968
476,976
476,993
477,573
477,596
477,636
477,642
477,697
477,805
477,841
477,844
477,904
477,945
477,948
477,983
478,48
478,487
478,628
478,696
478,774
478,880
478,921
479,60
479,522
479,528
479,551
479,576
479,584
479,620
479,636
479,649
479,650
479,704
479,725
479,745
479,763
479,815
479,904
479,955
480,5
480,496
480,600
480,605
480,728
480,785
480,848
480,882
480,926
480,938
481,6
481,488
481,514
481,537
481,542
481,545
481,726
481,877
481,964
481,973
482,512
482,577
482,582
482,668
482,700
482,795
482,846
482,855
483,571
483,656
483,658
483,702
483,753
483,759
483,792
483,870
483,919
483,979
484,515
484,550
484,559
484,746
484,800
484,905
484,930
485,717
485,743
485,825
485,866
485,993
486,66
486,490
486,549
486,637
486,729
486,818
486,848
486,882
487,628
487,696
487,755
487,774
487,857
487,921
488,6
488,93
488,545
488,608
488,821
488,833
488,852
488,890
488,891
488,901
488,959
488,964
488,975
489,53
489,83
489,539
489,566
489,601
489,623
489,688
489,739
489,790
489,972
489,978
490,55
490,66
490,496
490,549
490,605
490,637
490,729
490,818
490,835
490,881
491,539
491,548
491,566
491,618
491,708
491,886
491,935
491,972
492,84
492,611
492,675
492,710
492,776
493,508
493,527
493,585
493,693
493,750
493,793
493,819
493,874
494,501
494,561
494,572
494,720
494,861
494,871
494,911
494,941
494,970
494,974
494,991
495,7
495,56
495,529
495,663
495,754
495,868
495,925
495,961
496,605
496,637
496,657
496,729
496,818
496,882
497,69
497,733
497,791
497,825
497,920
497,993
498,558
498,676
498,677
498,713
498,727
498,768
498,786
498,981
499,64
499,77
499,500
499,523
499,568
499,591
499,627
499,647
499,673
499,718
499,723
499,732
499,747
499,783
499,796
499,876
499,915
499,956
500,64
500,568
500,647
500,718
500,723
500,732
500,747
500,752
500,783
500,796
500,998
501,86
501,561
501,592
501,603
501,624
501,834
501,911
501,999
502,589
502,707
502,742
502,766
502,806
502,829
502,898
502,913
502,916
502,932
502,939
502,952
503,58
503,78
503,507
503,536
503,582
503,594
503,668
503,736
503,751
503,784
503,795
503,846
503,858
503,908
503,943
503,995
504,562
504,601
504,618
504,626
504,641
504,765
504,817
504,845
504,899
505,538
505,540
505,756
505,762
505,804
505,887
506,62
506,643
506,741
506,760
506,844
506,983
506,997
507,58
507,536
507,582
507,668
507,736
507,784
507,858
507,928
507,943
507,999
508,585
508,654
508,693
508,813
508,819
508,895
509,51
509,67
509,97
509,678
509,787
509,834
509,971
509,991
510,71
510,520
510,576
510,584
510,639
510,666
510,667
510,677
510,707
510,742
510,763
510,806
510,822
510,859
510,896
510,912
510,932
511,7
511,56
511,754
511,868
511,961
512,58
512,577
512,668
512,700
512,761
512,855
512,928
513,534
513,564
513,611
513,648
513,853
513,963
514,6
514,545
514,560
514,712
514,877
514,954
515,93
515,550
515,559
515,685
515,721
515,746
515,800
515,905
516,518
516,613
516,641
516,674
516,679
516,682
516,837
516,843
517,99
517,652
517,662
518,613
518,682
518,842
518,843
518,847
518,885
519,85
519,590
519,612
519,613
519,671
519,674
519,731
519,771
519,780
519,885
519,910
519,933
519,949
520,71
520,584
520,667
520,820
520,822
520,859
520,906
520,932
521,67
521,530
521,588
521,614
521,686
521,703
521,816
521,971
522,60
522,528
522,584
522,620
522,636
522,650
522,658
522,704
522,725
522,759
522,763
522,770
522,815
522,870
522,904
522,927
522,955
523,64
523,77
523,568
523,591
523,609
523,627
523,647
523,673
523,718
523,747
523,783
523,796
523,808
523,812
523,842
523,876
523,915
523,956
523,967
524,60
524,528
524,573
524,596
524,620
524,636
524,658
524,697
524,725
524,798
524,805
524,815
524,904
524,927
524,948
525,96
525,530
525,534
525,564
525,614
525,616
525,655
525,738
526,59
526,599
526,646
526,681
526,799
526,810
526,828
526,923
526,962
527,69
527,74
527,546
527,711
527,733
527,750
527,793
527,825
527,874
527,907
527,976
528,60
528,573
528,620
528,636
528,697
528,725
528,798
528,805
528,815
528,904
528,955
529,7
529,56
529,643
529,663
529,735
529,754
529,868
529,925
529,961
530,655
530,686
530,703
530,709
530,767
531,97
531,600
531,678
531,728
531,787
531,854
531,909
531,926
531,991
532,72
532,543
532,604
532,661
532,711
532,733
532,750
532,791
532,797
532,824
532,825
532,884
532,907
532,920
532,968
533,57
533,63
533,81
533,612
533,764
533,807
533,967
534,96
534,564
534,578
534,648
534,655
534,963
535,76
535,928
536,58
536,594
536,603
536,668
536,736
536,751
536,784
536,858
536,943
536,999
537,6
537,545
537,877
537,934
537,964
537,973
538,95
538,540
538,563
538,645
538,756
538,762
538,769
538,804
538,831
538,850
538,872
538,879
538,887
538,890
538,930
538,969
539,83
539,548
539,566
539,623
539,708
539,739
539,790
539,935
539,972
540,95
540,575
540,762
540,769
540,831
540,850
540,872
540,887
540,952
540,992
541,79
541,551
541,697
541,892
541,906
541,942
542,552
542,556
542,695
542,726
542,803
542,894
543,604
543,619
543,653
543,661
543,698
543,711
543,733
543,750
543,791
543,797
543,824
543,825
543,884
543,907
543,920
543,968
544,62
544,749
544,982
544,997
545,6
545,712
545,833
545,852
545,877
545,901
545,934
545,964
545,973
545,975
546,69
546,74
546,711
546,733
546,750
546,825
546,907
546,920
546,976
547,722
547,758
547,789
547,987
548,566
548,708
548,886
548,935
548,972
549,66
549,630
549,637
549,729
549,818
549,860
549,882
550,559
550,685
550,746
550,800
550,865
550,890
550,905
550,930
551,79
551,573
551,620
551,636
551,649
551,697
551,725
551,798
551,805
551,815
551,823
551,892
551,904
551,906
551,942
551,955
552,803
552,894
553,597
553,660
553,751
553,777
553,875
553,929
553,953
553,990
554,640
554,775
554,827
554,883
554,914
554,931
554,977
555,598
555,766
555,829
555,887
555,913
555,952
556,652
556,684
556,695
556,726
556,803
556,894
556,950
556,980
557,87
557,571
557,595
557,705
557,740
557,792
557,811
557,870
557,919
557,946
557,948
557,979
557,989
558,570
558,713
558,786
558,830
558,981
558,988
558,994
559,73
559,95
559,563
559,580
559,685
559,721
559,746
559,800
559,821
559,865
559,890
559,905
559,930
560,575
560,768
560,872
560,954
561,86
561,592
561,603
561,624
561,777
561,834
561,970
562,70
562,89
562,94
562,572
562,625
562,692
562,757
562,837
562,845
562,861
562,899
562,911
562,986
563,73
563,95
563,580
563,645
563,746
563,756
563,762
563,769
563,821
563,865
563,879
563,890
563,930
563,969
564,578
564,648
564,655
564,709
564,767
564,873
565,574
565,702
565,715
565,965
565,988
566,83
566,708
566,739
566,886
566,972
566,978
567,90
567,640
567,670
567,734
567,782
567,914
568,57
568,77
568,647
568,673
568,718
568,764
568,779
568,796
568,956
568,967
569,690
569,748
569,788
569,801
569,802
569,857
569,864
569,958
570,639
570,666
570,677
570,786
570,830
570,896
570,981
570,988
570,994
571,658
571,705
571,753
571,759
571,792
571,811
571,870
571,919
571,979
572,70
572,89
572,94
572,625
572,692
572,720
572,757
572,837
572,861
572,899
572,911
572,929
572,974
573,596
573,636
573,697
573,725
573,798
573,805
573,815
573,823
573,904
573,942
574,635
574,702
574,715
574,753
574,759
574,965
574,988
575,598
575,621
575,768
575,838
575,872
575,897
576,71
576,584
576,639
576,666
576,667
576,725
576,763
576,912
576,955
577,58
577,582
577,668
577,700
577,761
577,795
577,846
577,855
577,928
578,648
578,709
578,873
579,707
579,806
579,822
579,859
579,916
579,932
580,73
580,95
580,712
580,746
580,762
580,769
580,821
580,833
580,852
580,865
580,879
580,890
580,930
580,969
580,992
581,65
581,96
581,614
581,616
581,710
581,738
581,776
581,853
581,902
582,78
582,594
582,668
582,795
582,846
582,855
582,928
582,995
583,638
583,683
583,786
584,71
584,667
584,725
584,763
584,822
584,859
584,906
584,955
585,693
585,804
585,819
585,874
585,960
586,86
586,592
586,603
586,624
586,736
586,858
586,943
586,953
586,999
587,87
587,88
587,595
587,607
587,687
587,719
587,740
587,760
587,778
587,867
587,940
587,946
587,948
587,989
588,67
588,602
588,655
588,709
588,767
588,773
588,787
588,816
588,971
589,71
589,707
589,714
589,742
589,766
589,806
589,869
589,916
589,932
590,68
590,85
590,612
590,731
590,771
590,781
590,808
590,842
590,885
590,933
590,949
591,64
591,77
591,627
591,673
591,718
591,747
591,783
591,796
591,812
591,915
591,956
592,86
592,603
592,686
592,703
592,862
592,999
593,610
593,680
593,797
593,847
593,944
594,78
594,82
594,606
594,736
594,751
594,795
594,858
594,908
594,943
594,995
595,87
595,687
595,705
595,740
595,811
595,940
595,946
595,948
595,979
595,989
596,636
596,697
596,716
596,798
596,805
596,815
596,823
596,841
596,904
596,942
596,945
596,947
596,951
597,75
597,82
597,724
597,744
597,748
597,788
597,864
597,875
597,908
597,917
597,958
597,990
598,617
598,621
598,766
598,838
598,872
598,887
598,897
598,939
598,952
599,602
599,646
599,699
599,773
599,799
599,810
599,816
599,828
599,873
599,962
599,966
599,971
599,996
600,97
600,728
600,871
600,926
600,938
600,991
601,623
601,626
601,688
601,737
601,739
601,765
601,790
601,817
601,845
601,924
602,8
602,67
602,655
602,699
602,709
602,767
602,773
602,816
602,971
602,985
603,76
603,86
603,624
603,686
603,703
603,736
603,784
603,858
603,862
603,943
603,953
603,999
604,91
604,619
604,653
604,661
604,698
604,733
604,781
604,791
604,797
604,812
604,842
604,884
604,907
604,920
604,944
604,968
605,637
605,729
605,848
605,882
606,82
606,864
606,922
606,995
607,87
607,687
607,719
607,740
607,760
607,778
607,940
607,989
608,93
608,833
608,891
608,901
608,959
608,964
608,975
609,77
609,612
609,627
609,647
609,673
609,718
609,747
609,783
609,796
609,876
609,933
609,956
609,967
610,92
610,626
610,651
610,750
610,765
610,793
610,888
610,944
611,84
611,634
611,853
611,900
611,963
612,696
612,731
613,671
613,674
613,682
613,843
614,96
614,616
614,686
614,738
614,853
615,776
616,96
616,738
616,853
617,621
617,669
617,677
617,768
617,838
617,897
618,623
618,626
618,739
618,757
618,845
618,935
618,972
619,91
619,661
619,698
619,812
619,884
619,968
620,636
620,649
620,725
620,815
620,823
620,904
621,766
621,838
621,897
621,939
621,952
622,640
622,775
622,782
622,827
622,832
622,914
622,931
623,83
623,626
623,654
623,688
623,737
623,739
623,790
623,895
623,924
624,751
624,777
624,858
624,943
624,953
624,970
625,70
625,89
625,94
625,692
625,757
625,837
625,861
625,899
625,911
625,986
626,651
626,737
626,739
626,765
626,817
626,845
626,924
627,64
627,77
627,647
627,673
627,718
627,747
627,783
627,796
627,876
627,933
627,956
627,967
628,696
628,774
628,857
628,921
629,90
629,632
629,640
629,672
629,734
629,749
629,782
629,914
629,982
629,997
630,66
630,637
630,694
630,729
630,809
630,818
630,835
630,860
630,881
630,883
630,936
630,957
631,80
631,701
631,706
632,90
632,672
632,734
632,782
632,982
633,98
633,723
633,732
633,893
633,998
634,84
634,675
634,853
634,900
635,656
635,702
635,715
635,753
635,759
635,770
635,792
635,870
635,965
636,658
636,697
636,725
636,798
636,805
636,815
636,904
636,927
637,66
637,729
637,818
637,835
637,860
637,881
638,99
638,662
638,683
638,713
639,9
639,650
639,666
639,667
639,677
639,704
639,745
639,763
639,830
639,896
639,912
640,670
640,734
640,775
640,782
640,832
640,914
640,977
641,682
641,692
641,837
641,899
642,87
642,844
642,945
643,735
643,741
643,868
643,925
644,72
644,91
644,661
644,752
644,826
644,863
645,95
645,756
645,865
645,879
645,930
645,969
646,681
646,799
646,810
646,828
646,923
646,962
647,77
647,673
647,718
647,723
647,747
647,779
647,783
647,796
647,876
647,956
647,967
647,998
648,96
649,815
649,823
649,942
650,9
650,656
650,666
650,704
650,745
650,759
650,770
650,870
650,912
650,955
650,988
651,92
651,765
651,888
652,99
652,662
652,676
652,768
653,812
653,944
654,688
654,813
654,874
654,895
654,898
654,913
655,67
655,709
655,767
655,773
655,816
655,873
655,966
655,971
655,996
656,658
656,702
656,704
656,753
656,759
656,770
656,792
656,870
656,927
657,79
657,708
657,906
658,702
658,753
658,759
658,770
658,792
658,870
658,927
658,955
658,979
659,678
659,848
659,854
659,909
659,926
660,777
660,929
661,72
661,698
661,733
661,752
661,791
661,824
661,826
661,884
661,920
661,968
662,99
662,676
662,683
662,727
662,768
663,7
663,735
663,749
663,868
663,925
663,961
664,723
664,814
664,836
664,918
665,81
665,807
666,9
666,667
666,677
666,742
666,745
666,763
666,830
666,840
666,896
666,912
666,988
666,994
667,71
667,763
667,822
667,912
668,76
668,795
668,846
668,855
668,928
668,943
669,677
669,714
669,838
669,897
670,734
670,782
670,914
671,75
671,674
671,724
671,744
671,748
671,780
671,802
671,910
671,917
672,90
672,734
672,749
672,782
672,982
673,77
673,718
673,747
673,783
673,796
673,812
673,876
673,915
673,956
673,967
674,75
674,724
674,744
674,780
674,910
674,917
675,84
676,99
676,713
676,727
676,768
676,786
676,981
677,713
677,830
677,840
677,896
677,981
677,988
677,994
678,8
678,97
678,681
678,689
678,699
678,787
678,854
678,909
678,926
678,937
678,971
678,985
679,837
680,944
681,689
681,758
681,799
681,810
681,878
681,923
682,837
683,99
683,727
684,695
684,726
684,803
684,894
684,950
684,980
685,93
685,721
685,746
685,800
685,833
685,905
685,964
686,703
686,862
686,999
687,87
687,740
687,940
687,946
687,948
687,989
688,739
688,790
688,813
688,895
688,898
688,913
688,924
689,799
689,809
689,878
689,903
689,923
690,82
690,748
690,780
690,788
690,801
690,802
690,857
690,864
690,910
690,922
690,958
691,856
691,889
692,89
692,94
692,720
692,837
692,861
693,756
693,804
693,819
693,887
693,960
694,860
694,883
694,957
695,726
695,803
695,894
695,950
696,774
696,880
696,921
697,798
697,805
697,815
697,823
697,892
697,904
697,942
697,945
698,72
698,91
698,752
698,812
698,826
698,884
698,968
699,8
699,773
699,799
699,816
699,971
699,985
700,855
701,81
701,706
701,807
702,753
702,759
702,792
702,870
702,965
703,862
703,999
704,9
704,725
704,745
704,759
704,770
704,870
704,927
704,955
705,87
705,740
705,792
705,811
705,870
705,927
705,946
705,948
705,979
705,989
706,80
707,71
707,714
707,742
707,766
707,806
707,822
707,859
707,869
707,916
707,932
707,939
708,886
708,935
708,972
709,767
709,773
709,816
709,873
709,966
709,971
709,996
710,84
710,761
710,776
710,853
711,74
711,733
711,825
711,884
711,907
711,920
711,976
712,73
712,769
712,850
712,852
712,890
712,901
712,934
712,973
712,992
713,727
713,786
713,981
714,766
714,806
714,869
714,896
715,965
716,805
716,841
716,849
716,947
716,951
717,743
717,772
717,839
717,856
717,993
718,77
718,723
718,732
718,747
718,779
718,783
718,796
718,876
718,915
718,956
718,967
719,88
719,760
719,778
719,867
719,940
719,989
720,94
720,861
720,911
720,974
721,93
721,746
721,833
722,730
722,758
722,775
722,789
722,827
722,832
722,931
722,977
722,987
723,98
723,732
723,747
723,783
723,796
723,814
723,836
723,918
723,998
724,75
724,744
724,748
724,780
724,788
724,910
724,958
725,763
725,798
725,805
725,815
725,904
725,955
726,803
726,894
726,950
727,768
727,981
728,97
728,848
728,871
728,938
728,941
728,991
729,818
729,860
729,881
730,758
730,789
730,931
731,85
731,771
731,781
731,808
731,842
731,885
731,933
731,949
732,98
732,747
732,752
732,783
732,796
732,893
732,998
733,791
733,824
733,825
733,884
733,907
733,920
733,968
733,976
733,993
734,90
734,782
734,832
734,860
734,914
734,977
734,982
735,868
735,925
735,961
736,76
736,784
736,858
736,928
736,943
736,953
736,999
737,739
737,790
737,924
738,96
738,902
739,83
739,790
739,935
739,972
739,978
740,87
740,811
740,940
740,946
740,948
740,979
740,989
741,868
742,806
742,859
742,869
742,896
742,932
743,866
743,993
744,75
744,748
744,780
744,788
744,910
745,9
745,912
745,955
746,93
746,95
746,800
746,821
746,852
746,865
746,890
746,905
746,930
747,77
747,752
747,783
747,796
747,812
747,876
747,915
747,956
748,75
748,82
748,755
748,780
748,788
748,801
748,802
748,857
748,864
748,910
748,922
748,958
749,90
749,982
749,997
750,92
750,793
750,813
750,874
750,888
750,907
750,944
751,82
751,777
751,858
751,864
751,875
751,908
751,943
751,953
751,990
752,91
752,783
752,826
753,759
753,770
753,792
753,870
753,919
753,927
753,965
754,868
754,925
754,961
755,802
755,857
756,95
756,804
756,819
756,865
756,866
756,879
756,930
756,960
756,969
757,89
757,845
757,861
757,899
757,935
757,984
757,986
758,789
758,878
758,931
758,987
759,770
759,792
759,870
759,927
759,965
760,88
760,778
760,844
760,867
760,940
760,989
761,855
761,928
762,95
762,769
762,804
762,865
762,879
762,890
762,930
762,969
763,9
763,912
763,955
764,81
764,779
764,807
764,876
764,967
765,817
765,845
765,899
766,806
766,829
766,838
766,869
766,898
766,939
766,952
767,816
767,873
767,971
768,99
768,897
769,95
769,821
769,831
769,850
769,852
769,865
769,879
769,890
769,964
769,969
769,992
770,870
770,927
770,955
771,85
771,781
771,808
771,842
771,885
771,933
771,949
772,794
772,839
772,856
773,8
773,799
773,816
773,873
773,966
773,971
773,985
773,996
774,880
775,789
775,827
775,832
775,914
775,931
775,977
776,84
776,853
777,953
777,970
778,88
778,867
778,940
778,989
779,796
779,876
779,967
780,802
780,857
780,910
781,808
781,812
781,842
781,933
781,949
782,90
782,832
782,883
782,914
782,977
782,982
783,796
783,812
783,876
783,915
783,956
783,998
784,858
784,943
784,999
785,871
785,938
785,984
785,986
785,991
786,981
786,994
787,8
787,97
787,816
787,854
787,862
787,937
787,971
788,801
788,802
788,857
788,864
788,958
789,827
789,931
790,83
791,824
791,825
791,884
791,907
791,920
791,968
791,993
792,811
792,870
792,979
793,92
793,874
793,888
795,846
795,855
795,995
796,814
796,876
796,956
796,967
796,998
797,907
797,944
798,805
798,815
798,904
799,810
799,828
799,878
799,923
799,962
799,966
799,971
799,996
800,905
801,82
801,802
801,857
801,864
801,922
801,958
802,857
802,910
802,958
803,894
804,95
804,819
804,887
804,960
805,815
805,823
805,841
805,904
805,945
805,947
805,951
806,859
806,869
806,916
806,932
806,939
807,81
807,967
808,812
808,842
808,933
808,949
809,860
809,903
809,936
810,828
811,87
811,870
811,919
811,927
811,946
811,948
811,979
811,989
812,91
812,842
812,915
813,92
813,874
813,895
814,98
814,836
814,918
814,998
815,823
815,904
815,942
816,971
816,985
818,860
818,881
819,95
819,960
820,822
820,886
820,906
821,93
821,833
821,852
821,865
821,890
821,901
821,964
821,973
822,859
822,906
822,932
823,942
824,825
824,884
824,920
824,993
825,884
825,907
825,920
825,976
825,993
826,91
827,832
827,931
827,977
828,966
829,898
829,939
829,952
830,896
830,912
830,988
830,994
831,850
831,887
831,992
832,914
832,931
833,93
833,852
833,890
833,891
833,901
833,934
833,959
833,964
833,973
833,975
834,86
834,862
834,941
835,851
835,860
835,881
835,883
835,957
836,98
836,918
836,998
837,94
837,929
838,897
838,939
838,952
839,856
840,896
840,994
841,844
841,945
841,947
841,951
841,983
842,847
842,885
842,949
844,945
844,948
844,983
844,997
845,935
846,855
848,882
848,909
848,926
849,851
849,951
850,890
850,992
851,860
851,881
851,883
851,951
851,957
852,93
852,890
852,901
852,934
852,964
852,973
853,900
854,97
854,909
854,926
854,937
854,971
856,863
856,889
857,958
858,928
858,943
858,953
858,999
859,916
859,932
860,881
860,883
860,936
860,957
861,89
861,94
861,899
861,911
861,984
861,986
862,999
863,889
864,908
864,922
864,958
864,995
865,95
865,879
865,890
865,905
865,930
865,969
866,993
867,88
867,940
867,989
868,925
868,961
869,939
869,952
870,927
870,979
871,911
871,938
871,941
871,984
871,991
872,887
872,952
873,966
873,996
874,92
874,895
875,953
875,990
876,956
876,967
879,95
879,890
879,930
879,969
881,883
881,957
882,909
883,957
884,91
884,907
884,920
884,968
885,933
885,949
886,906
886,972
887,952
888,92
888,944
890,93
890,95
890,901
890,964
890,969
890,973
890,975
890,992
891,901
891,959
891,964
891,975
892,906
892,942
893,98
893,998
894,950
894,980
895,898
896,988
896,994
897,981
898,913
898,939
898,952
899,94
901,93
901,934
901,959
901,964
901,973
901,975
902,96
903,909
905,930
907,920
907,968
907,976
908,922
908,943
909,97
909,926
909,937
911,941
911,974
911,984
911,991
914,977
916,932
920,968
920,976
920,993
922,958
922,995
923,962
925,961
927,955
927,979
929,94
930,95
930,969
931,977
933,949
934,964
934,973
935,972
935,984
935,986
936,957
937,971
937,985
938,991
939,952
940,946
940,948
940,989
941,991
943,953
943,999
945,948
945,983
946,948
946,979
946,989
947,951
948,979
948,989
950,980
953,999
959,964
959,975
962,996
964,973
964,975
965,988
966,996
970,974
971,985
972,978
981,994
982,983
982,997
983,997
984,986
988,994
